{"loss": [[0.8445098996162415, 0.7166012525558472, 0.6053349375724792, 0.5261247158050537, 0.4777318239212036, 0.44794583320617676, 0.4269903004169464, 0.41027432680130005, 0.3964718282222748, 0.3847484290599823, 0.37450528144836426, 0.3655581772327423, 0.35776883363723755, 0.35058358311653137, 0.34410810470581055, 0.33813413977622986, 0.3323814868927002, 0.3268652856349945, 0.321511447429657, 0.31637483835220337, 0.3115077018737793, 0.3069145381450653, 0.302514910697937, 0.2981847822666168, 0.2940335273742676, 0.28998395800590515, 0.2861155867576599, 0.28244876861572266, 0.2790015935897827, 0.27561476826667786, 0.27225905656814575, 0.268936425447464, 0.2656251788139343, 0.26238441467285156, 0.2592834532260895, 0.25627070665359497, 0.2533392012119293, 0.25045114755630493, 0.24768029153347015, 0.24510248005390167, 0.24268031120300293, 0.24043653905391693, 0.23832541704177856, 0.2363053560256958, 0.2344372272491455, 0.23270832002162933, 0.23113131523132324, 0.22964896261692047, 0.22830992937088013, 0.2270725518465042, 0.22596588730812073, 0.22494667768478394, 0.2239770144224167, 0.22304588556289673, 0.2221566140651703, 0.22131335735321045, 0.2205328643321991, 0.21982064843177795, 0.21913740038871765, 0.21852508187294006, 0.2179483324289322, 0.21747127175331116, 0.21702180802822113, 0.2166137546300888, 0.21620479226112366, 0.21584653854370117, 0.2154930979013443, 0.21519486606121063, 0.21490538120269775, 0.21460120379924774, 0.2142975926399231, 0.2140330821275711, 0.21376150846481323, 0.21351678669452667, 0.21322143077850342, 0.2129712551832199, 0.21283969283103943, 0.21262650191783905, 0.21237431466579437, 0.21247683465480804, 0.21208274364471436]], "val_loss": [[0.807969868183136, 0.6866834759712219, 0.5763988494873047, 0.49315956234931946, 0.44398653507232666, 0.4160670042037964, 0.39752456545829773, 0.38421428203582764, 0.3733750581741333, 0.3642245829105377, 0.35584232211112976, 0.3481009006500244, 0.34101077914237976, 0.3346656858921051, 0.328665167093277, 0.32296669483184814, 0.31754201650619507, 0.3122630715370178, 0.3072398602962494, 0.3022904694080353, 0.29750147461891174, 0.2929856777191162, 0.288694828748703, 0.2843281924724579, 0.28005319833755493, 0.27626144886016846, 0.27299195528030396, 0.2698456048965454, 0.2667770981788635, 0.26372960209846497, 0.26061612367630005, 0.25751638412475586, 0.2543155550956726, 0.25114741921424866, 0.24831365048885345, 0.24565571546554565, 0.24319039285182953, 0.240808367729187, 0.23869043588638306, 0.23663829267024994, 0.23466452956199646, 0.23285916447639465, 0.2310391366481781, 0.22954140603542328, 0.2281690537929535, 0.22689929604530334, 0.2259213626384735, 0.22479462623596191, 0.22380195558071136, 0.22278861701488495, 0.2219650000333786, 0.22124098241329193, 0.22060571610927582, 0.21993036568164825, 0.2192009538412094, 0.21867305040359497, 0.21811538934707642, 0.21769681572914124, 0.21728502213954926, 0.21678312122821808, 0.21631143987178802, 0.21582646667957306, 0.21545153856277466, 0.21507222950458527, 0.21479298174381256, 0.21460431814193726, 0.21427327394485474, 0.2140832245349884, 0.21381475031375885, 0.21370650827884674, 0.21353234350681305, 0.2134469449520111, 0.21332404017448425, 0.21322722733020782, 0.21311116218566895, 0.21309106051921844, 0.21292580664157867, 0.21292918920516968, 0.21265809237957, 0.21268334984779358, 0.2126535028219223]]}