{"loss": [[0.8375994563102722, 0.7743234038352966, 0.7207064628601074, 0.6724740266799927, 0.6252739429473877, 0.5755427479743958, 0.5208803415298462, 0.4692816734313965, 0.4271153211593628, 0.4013926684856415, 0.3859110176563263, 0.37473392486572266, 0.3658157289028168, 0.3578846752643585, 0.3504168391227722, 0.3431013822555542, 0.3361104428768158, 0.3295070230960846, 0.3231027126312256, 0.31706786155700684, 0.311331182718277, 0.3059285581111908, 0.3007390797138214, 0.29569172859191895, 0.29083001613616943, 0.28616786003112793, 0.2816599905490875, 0.2772047519683838, 0.27276962995529175, 0.26849937438964844, 0.26421689987182617, 0.2601677477359772, 0.25639867782592773, 0.25276070833206177, 0.2494182288646698, 0.24624867737293243, 0.24337156116962433, 0.24066442251205444, 0.23804102838039398, 0.23555737733840942, 0.23316654562950134, 0.2309582233428955, 0.2289324253797531, 0.2270670086145401, 0.22532491385936737, 0.2236691117286682, 0.22220832109451294, 0.22086575627326965, 0.2197113186120987, 0.2186846286058426, 0.21777671575546265, 0.21698546409606934, 0.2161482721567154, 0.21543537080287933, 0.21477381885051727, 0.21417033672332764, 0.21362261474132538, 0.21312925219535828, 0.2126646786928177, 0.2123001366853714, 0.2119787335395813, 0.21168771386146545, 0.21146966516971588, 0.21125730872154236, 0.21104954183101654, 0.210833340883255, 0.21064075827598572, 0.2104474902153015, 0.21031537652015686, 0.21011312305927277, 0.20996370911598206]], "val_loss": [[0.8922120332717896, 0.8081128597259521, 0.726173460483551, 0.6427327394485474, 0.5700851678848267, 0.49376311898231506, 0.4326668977737427, 0.3904512822628021, 0.36207494139671326, 0.34944653511047363, 0.34297505021095276, 0.3372563421726227, 0.33112430572509766, 0.3250168263912201, 0.31809890270233154, 0.3107505142688751, 0.3049059212207794, 0.299539178609848, 0.2943139672279358, 0.29047271609306335, 0.2867297828197479, 0.2831188440322876, 0.27931663393974304, 0.27614840865135193, 0.27273687720298767, 0.2694307565689087, 0.2661745548248291, 0.26277610659599304, 0.2592897117137909, 0.25596147775650024, 0.25276756286621094, 0.2496267408132553, 0.24653206765651703, 0.2435237467288971, 0.24090060591697693, 0.2387695610523224, 0.23641957342624664, 0.23430831730365753, 0.23209965229034424, 0.2300274670124054, 0.2282770574092865, 0.22624234855175018, 0.22463451325893402, 0.22302775084972382, 0.22152116894721985, 0.2200571745634079, 0.218507319688797, 0.21720269322395325, 0.21599921584129333, 0.21499666571617126, 0.21395163238048553, 0.21298760175704956, 0.21210257709026337, 0.2113720178604126, 0.21078026294708252, 0.21021674573421478, 0.2097349613904953, 0.2093282788991928, 0.2089446485042572, 0.20869576930999756, 0.20855383574962616, 0.20843103528022766, 0.20832961797714233, 0.208220437169075, 0.20809541642665863, 0.20795764029026031, 0.2078719586133957, 0.2077561616897583, 0.20774997770786285, 0.20768730342388153, 0.20761215686798096]], "accuracy": [[0.09570840329155539, 0.21584031158054684, 0.3086188143381061, 0.39290576525010223, 0.46813967527508515, 0.5477457204265404, 0.6197165636929844, 0.6781124307804116, 0.7161762877991623, 0.7377754037174709, 0.7528718974295571, 0.7649871863446978, 0.7755205600759311, 0.7852263080636259, 0.7941769596402581, 0.8025736509384502, 0.810585934533846, 0.8181147905891331, 0.8249800747390913, 0.8316836539705332, 0.8377206494256388, 0.8432063026112111, 0.8484187693298315, 0.8534847001785766, 0.8580043531763974, 0.8622479396477274, 0.8664733426554923, 0.8704967217071701, 0.8740371411238506, 0.8776759800868531, 0.8809547938135865, 0.8837596245521394, 0.8864034184927188, 0.8887975473519288, 0.8909684115044576, 0.8930630172940144, 0.894951603037057, 0.8966517218565362, 0.8980845513635718, 0.8996796272643912, 0.9013153432117534, 0.9025422997660572, 0.9036656678245752, 0.9047167501319348, 0.9057010798341132, 0.9065051173156626, 0.9073354290847057, 0.908179585433906, 0.9087859205572021, 0.909304474145093, 0.9098300069020615, 0.9104328447107356, 0.9108697619503611, 0.9112956103325662, 0.9117434913732732, 0.9120732935272139, 0.912346820092079, 0.9126220416282677, 0.9128233352235776, 0.9130344905067475, 0.9132343077977214, 0.9133433706501215, 0.9135183231017068, 0.9136486945226779, 0.9138077857390472, 0.9138767162024093, 0.9139551782542142, 0.9140059442247397, 0.91413555887383, 0.9143145719525294, 0.9144091713088416]], "val_accuracy": [[-0.1079775767681097, 0.09763650390158629, 0.2736734282976051, 0.4158696576248945, 0.5213203049384842, 0.6212282039229049, 0.6984967492755518, 0.75552933264203, 0.7881126409327461, 0.8038766528521033, 0.8130252896685284, 0.8209251027054583, 0.8289442874311246, 0.8363213671286855, 0.8429148378913446, 0.8488229812005939, 0.8539798517860159, 0.858346323662856, 0.8619699599266069, 0.8649013281044604, 0.8674471947976613, 0.8696170893125837, 0.8716841993823977, 0.8738141238598683, 0.875650394123576, 0.877412195559985, 0.8794069069273523, 0.8816166637119262, 0.8833071191032917, 0.885419331384053, 0.8872325354087328, 0.8888642925319686, 0.8905704471467187, 0.8921650213235363, 0.8937205318146777, 0.8950007909057868, 0.8964853990410724, 0.8976384476452568, 0.8986927205858763, 0.8999876469446227, 0.9011227502496653, 0.9022910587916504, 0.9031244834688468, 0.9040444025471827, 0.9048795860552188, 0.9055002450490814, 0.9063403065818523, 0.9069542045063783, 0.9074962587985482, 0.9078890972587015, 0.90833818701101, 0.9089517700340523, 0.9093254135556577, 0.9097232615234756, 0.9101404247694094, 0.9104763568134748, 0.910879324745917, 0.9110435883007867, 0.9113442499608321, 0.9115277651124799, 0.9117195134433536, 0.9117543045717633, 0.911918086008871, 0.9120205609648903, 0.912110430653773, 0.9121718589893942, 0.9121458165111916, 0.9121816339642205, 0.912198316983648, 0.9122629940418818, 0.912310039338263]]}