{"loss": [[0.9668039083480835, 0.8392754793167114, 0.7306569218635559, 0.6467874050140381, 0.5924088954925537, 0.5574358701705933, 0.530205249786377, 0.5067087411880493, 0.4871443808078766, 0.46968725323677063, 0.45400965213775635, 0.4403182566165924, 0.42872390151023865, 0.41867101192474365, 0.41009721159935, 0.4023891091346741, 0.3951960802078247, 0.3881950080394745, 0.38145387172698975, 0.3750227987766266, 0.36870262026786804, 0.3626290559768677, 0.3566853404045105, 0.3514234125614166, 0.3462526798248291, 0.34140050411224365, 0.3366917669773102, 0.3320351243019104, 0.32744020223617554, 0.322907418012619, 0.31873345375061035, 0.314291387796402, 0.31041622161865234, 0.3064979314804077, 0.3029235303401947, 0.2994411885738373, 0.2962471842765808, 0.2931768000125885, 0.2903130054473877, 0.287594199180603, 0.2850818932056427, 0.2826193869113922, 0.2802998423576355, 0.27806925773620605, 0.27592578530311584, 0.2738265097141266, 0.27177682518959045, 0.2698700428009033, 0.26806536316871643, 0.2663155496120453, 0.2646089494228363, 0.26295918226242065, 0.2613273561000824, 0.25977566838264465, 0.2582181394100189, 0.2566651403903961, 0.25516918301582336, 0.25366488099098206, 0.25222864747047424, 0.2508350610733032, 0.24953535199165344, 0.248207688331604, 0.24690641462802887, 0.24556145071983337, 0.24428851902484894, 0.2430165410041809, 0.24179203808307648, 0.24058212339878082, 0.2394280880689621, 0.23822461068630219, 0.23713964223861694, 0.23605534434318542, 0.2350142002105713, 0.23399312794208527, 0.23301103711128235, 0.2320335954427719, 0.2310848832130432, 0.23016579449176788, 0.22926375269889832, 0.2284003496170044, 0.22760669887065887, 0.2268080860376358, 0.22601114213466644, 0.22524771094322205, 0.22449229657649994, 0.22376912832260132, 0.2230372130870819, 0.22230710089206696, 0.22159630060195923, 0.22089487314224243, 0.22015295922756195, 0.2194540947675705, 0.21875932812690735, 0.2180585116147995, 0.2173498123884201, 0.21667516231536865, 0.21599933505058289, 0.21536080539226532, 0.21474550664424896, 0.21412956714630127]], "val_loss": [[0.7964046597480774, 0.6664991974830627, 0.5644536018371582, 0.5025016665458679, 0.4709027409553528, 0.4545651972293854, 0.4480527639389038, 0.4444050192832947, 0.4410881996154785, 0.43681076169013977, 0.4320127069950104, 0.4277695417404175, 0.42360901832580566, 0.41901206970214844, 0.41305482387542725, 0.4052477777004242, 0.3961082100868225, 0.3863934278488159, 0.3773792088031769, 0.36913588643074036, 0.3619424104690552, 0.355150431394577, 0.3487365245819092, 0.34358376264572144, 0.3380279541015625, 0.3328988552093506, 0.3276295065879822, 0.32296639680862427, 0.3185917139053345, 0.31398335099220276, 0.31098589301109314, 0.30683180689811707, 0.30392101407051086, 0.3008268177509308, 0.2981712818145752, 0.2952161431312561, 0.29256540536880493, 0.2901343107223511, 0.28780505061149597, 0.28532373905181885, 0.2831970155239105, 0.2811066508293152, 0.2790517508983612, 0.27703648805618286, 0.27536603808403015, 0.27360883355140686, 0.27197757363319397, 0.27034077048301697, 0.26875218749046326, 0.2673126459121704, 0.2661232352256775, 0.26478129625320435, 0.2634088397026062, 0.2621556222438812, 0.26087138056755066, 0.2594923973083496, 0.25815558433532715, 0.2569088637828827, 0.25567638874053955, 0.2545952796936035, 0.25353777408599854, 0.252417653799057, 0.25106310844421387, 0.25005415081977844, 0.2490386664867401, 0.2479262351989746, 0.24705874919891357, 0.24582821130752563, 0.24480405449867249, 0.2436264604330063, 0.2425324022769928, 0.2415594756603241, 0.2405717372894287, 0.23967060446739197, 0.23860248923301697, 0.23740698397159576, 0.23652991652488708, 0.23562182486057281, 0.23461709916591644, 0.23392194509506226, 0.23328076303005219, 0.23233269155025482, 0.23149968683719635, 0.23058463633060455, 0.22994551062583923, 0.22926534712314606, 0.22827737033367157, 0.22740434110164642, 0.22658604383468628, 0.22568729519844055, 0.2249368131160736, 0.22422008216381073, 0.22368599474430084, 0.223194420337677, 0.22248446941375732, 0.22188334167003632, 0.22111783921718597, 0.2206176370382309, 0.22019603848457336, 0.21962614357471466]], "accuracy": [[-0.2475757758566952, -0.017871655251847196, 0.1522045959392636, 0.2695246157506843, 0.35254803180875494, 0.4204478124200205, 0.48054016271446387, 0.5305162816173685, 0.5715991215564427, 0.6068316029632511, 0.6358177301792294, 0.6589461830685037, 0.6777748080048966, 0.693040360862847, 0.7059942058257229, 0.7172711272600938, 0.7272931266555691, 0.7365317613497298, 0.745238522738574, 0.7540594817229467, 0.7625370750295404, 0.7705698279493038, 0.7777062491345734, 0.7847024380312786, 0.7909131388409374, 0.7968882719936567, 0.8025608018352173, 0.8083100536788168, 0.8137112007221818, 0.8185668160601972, 0.8238184341993009, 0.8281451044918976, 0.8327052081342118, 0.8367129462247271, 0.8405541461817929, 0.8440390012405394, 0.8473134907430078, 0.8503153835913726, 0.8532903109745936, 0.8560116097437072, 0.8586478360148349, 0.8610974233524691, 0.8633146706994138, 0.865539582968402, 0.8676842893709521, 0.8695811702226559, 0.87141396027439, 0.8730378349893148, 0.8745774095855279, 0.8761217931221376, 0.87772670780681, 0.8791143270118014, 0.8805234016052583, 0.8817456874187903, 0.8831411714274918, 0.8843674300149141, 0.8856485116479585, 0.8870017737109419, 0.8881016509819208, 0.8892298977029014, 0.8903514183981532, 0.891495194027136, 0.8925749257627998, 0.893683654504007, 0.8946323813770285, 0.8955904514053131, 0.8964747819826724, 0.8972543276347316, 0.8979606217821021, 0.8987724194347873, 0.8994254871112349, 0.9000771010276634, 0.9008697219145104, 0.9014696830997366, 0.9020283945571723, 0.9026524906382603, 0.9032948892355951, 0.9038788244312748, 0.9045122928759148, 0.9050716630950364, 0.9057159793745723, 0.9061596586369312, 0.9067109147272653, 0.9070981292983672, 0.9076776141690257, 0.9081977032296872, 0.9086584338133661, 0.9090696340475333, 0.9095406501915314, 0.9100075043102746, 0.9104104270730853, 0.9109204469093725, 0.911386305465806, 0.9118189284689959, 0.9121662569639057, 0.912523651546923, 0.9129158158600283, 0.9132715546911685, 0.9136382185145293, 0.9138282188769044]],