{"loss": [[1.040969967842102, 0.8967398405075073, 0.7402514815330505, 0.596816897392273, 0.4994759261608124, 0.44207921624183655, 0.41196608543395996, 0.39399126172065735, 0.3820379376411438, 0.372636616230011, 0.36435666680336, 0.3565252721309662, 0.3491783142089844, 0.3420032262802124, 0.3352002799510956, 0.3295624554157257, 0.3250783681869507, 0.3216002285480499, 0.3182965815067291, 0.31536754965782166, 0.3126681447029114, 0.3099844455718994, 0.3075612187385559, 0.30507656931877136, 0.3028827905654907, 0.3007144331932068, 0.2986426055431366, 0.29660558700561523, 0.29461294412612915, 0.2928094267845154, 0.2909105718135834, 0.28915539383888245, 0.28734758496284485, 0.2855793237686157, 0.28386351466178894, 0.2821487486362457, 0.28048595786094666, 0.2789915204048157, 0.277386337518692, 0.2759200632572174, 0.2743828594684601, 0.27295124530792236, 0.27143481373786926, 0.2699141204357147, 0.2685110569000244, 0.26711130142211914, 0.2656782865524292, 0.26429182291030884, 0.2628786563873291, 0.2615116238594055, 0.2601477801799774, 0.2588080167770386, 0.25753599405288696, 0.2562643885612488, 0.25501662492752075, 0.2537483274936676, 0.2525579333305359, 0.25126704573631287, 0.25010180473327637, 0.24888542294502258, 0.24773578345775604, 0.2466365545988083, 0.24548903107643127, 0.24429036676883698, 0.2432025969028473, 0.242026686668396, 0.24088431894779205, 0.23971796035766602, 0.23857642710208893, 0.2374034821987152, 0.23624497652053833, 0.23509135842323303, 0.2339901626110077, 0.23287072777748108, 0.23172667622566223, 0.230592742562294, 0.22949443757534027, 0.22835615277290344, 0.22727185487747192, 0.2262594848871231, 0.22531531751155853, 0.22440123558044434, 0.22347821295261383, 0.22260542213916779, 0.2217164784669876, 0.2208591103553772, 0.22003647685050964, 0.21927382051944733, 0.21849915385246277, 0.21773271262645721, 0.2169472575187683, 0.21623890101909637, 0.21553091704845428, 0.21488472819328308, 0.2142273485660553, 0.21366330981254578, 0.21301187574863434, 0.2124810665845871, 0.21190698444843292, 0.21138110756874084]], "val_loss": [[0.9054198861122131, 0.7295592427253723, 0.5572195053100586, 0.4680827558040619, 0.42275872826576233, 0.4026826024055481, 0.39693155884742737, 0.39147818088531494, 0.3838936388492584, 0.37419748306274414, 0.3643662631511688, 0.3548491299152374, 0.3456198275089264, 0.33674925565719604, 0.3287926912307739, 0.3231368362903595, 0.3194688856601715, 0.3170659840106964, 0.3143399655818939, 0.3115997016429901, 0.3095023036003113, 0.3072444498538971, 0.30553796887397766, 0.30349764227867126, 0.30180591344833374, 0.30015701055526733, 0.2984890937805176, 0.2967192530632019, 0.2949153184890747, 0.29332104325294495, 0.29150810837745667, 0.28999650478363037, 0.2885240912437439, 0.2870299816131592, 0.28560394048690796, 0.2842528223991394, 0.2828614413738251, 0.2816234529018402, 0.2802122235298157, 0.2788987457752228, 0.27747899293899536, 0.27621737122535706, 0.27505096793174744, 0.273735910654068, 0.27250590920448303, 0.27134183049201965, 0.2701709568500519, 0.26900383830070496, 0.26778239011764526, 0.26659196615219116, 0.2653792202472687, 0.2640984356403351, 0.26292601227760315, 0.2617574632167816, 0.26077136397361755, 0.25950393080711365, 0.2584332525730133, 0.2571641802787781, 0.25605136156082153, 0.25493210554122925, 0.25368571281433105, 0.25263792276382446, 0.2515198886394501, 0.25007739663124084, 0.24909549951553345, 0.24782215058803558, 0.24658893048763275, 0.2452380508184433, 0.24399390816688538, 0.24259905517101288, 0.2411452978849411, 0.2397499829530716, 0.2384951263666153, 0.2373235523700714, 0.23602811992168427, 0.23462140560150146, 0.233324334025383, 0.23210810124874115, 0.23101018369197845, 0.23001427948474884, 0.22905711829662323, 0.22826789319515228, 0.2272120714187622, 0.22645282745361328, 0.22551752626895905, 0.22466571629047394, 0.22362148761749268, 0.22274702787399292, 0.22176335752010345, 0.22104871273040771, 0.22020630538463593, 0.21940810978412628, 0.2186059206724167, 0.217972069978714, 0.2171582728624344, 0.21674127876758575, 0.2160085141658783, 0.21554717421531677, 0.2150598168373108, 0.21458128094673157]]}